{"sections":{"image_banner":{"type":"image-banner","blocks":{"heading":{"type":"heading","settings":{"heading":"","heading_size":"h0"}},"button":{"type":"buttons","settings":{"button_label_1":"Learn more","button_link_1":"shopify:\/\/collections\/all","button_style_secondary_1":true,"button_label_2":"","button_link_2":"","button_style_secondary_2":false}}},"block_order":["heading","button"],"disabled":true,"settings":{"image":"shopify:\/\/shop_images\/horizontal-02.jpg","image_overlay_opacity":40,"image_height":"large","desktop_content_position":"bottom-center","show_text_box":false,"desktop_content_alignment":"right","color_scheme":"scheme-3","image_behavior":"none","mobile_content_alignment":"center","stack_images_on_mobile":false,"show_text_below":false}},"custom_heading_bpQ9RM":{"type":"custom-heading","settings":{"heading":"<h1><strong>Real Food<\/strong><\/h1>","punch-line":"<h3>this is for testing only.<\/h3>","description":"this is dspflknf sdfjlksd f iopsdjfkl posd fsdfjo; posdjf podsfpods jf j bhlkjj jkb k;jb kj; kjbkjb kjb kj b"}},"featured_collection":{"type":"featured-collection","settings":{"title":"Featured products","heading_size":"h2","description":"","show_description":false,"description_style":"body","collection":"all","products_to_show":8,"columns_desktop":4,"full_width":false,"show_view_all":true,"view_all_style":"solid","enable_desktop_slider":false,"color_scheme":"scheme-1","image_ratio":"adapt","image_shape":"default","show_secondary_image":true,"show_vendor":false,"show_rating":false,"quick_add":"standard","columns_mobile":"2","swipe_on_mobile":false,"padding_top":44,"padding_bottom":36}},"collection_switch_btns_rxetRV":{"type":"collection-switch-btns","disabled":true,"settings":{"products_per_page":20}},"custom_featured_collection_eAHUCa":{"type":"custom-featured-collection","name":"Collection Products","settings":{"heading":"","collection":"winter-collection"}}},"order":["image_banner","custom_heading_bpQ9RM","featured_collection","collection_switch_btns_rxetRV","custom_featured_collection_eAHUCa"]}